create database Top_Brains
use Top_Brains
CREATE TABLE Customers
(
    CustomerID INT PRIMARY KEY,
    CustomerName VARCHAR(100),
    PhoneNumber VARCHAR(15),
    City VARCHAR(50),
    CreatedDate DATE
);

CREATE TABLE Accounts
(
    AccountID INT PRIMARY KEY,
    CustomerID INT,
    AccountNumber VARCHAR(20),
    AccountType VARCHAR(20), -- Savings / Current
    OpeningBalance DECIMAL(12,2),
    FOREIGN KEY (CustomerID) REFERENCES Customers(CustomerID)
);

CREATE TABLE Transactions
(
    TransactionID INT PRIMARY KEY,
    AccountID INT,
    TransactionDate DATE,
    TransactionType VARCHAR(10), -- Deposit / Withdraw
    Amount DECIMAL(12,2),
    FOREIGN KEY (AccountID) REFERENCES Accounts(AccountID)
);

CREATE TABLE Bonus
(
    BonusID INT PRIMARY KEY,
    AccountID INT,
    BonusMonth INT,
    BonusYear INT,
    BonusAmount DECIMAL(10,2),
    CreatedDate DATE,
    FOREIGN KEY (AccountID) REFERENCES Accounts(AccountID)
);


INSERT INTO Customers VALUES
(1, 'Ravi Kumar', '9876543210', 'Chennai', '2023-01-10'),
(2, 'Priya Sharma', '9123456789', 'Bangalore', '2023-03-15'),
(3, 'John Peter', '9988776655', 'Hyderabad', '2023-06-20');

INSERT INTO Accounts VALUES
(101, 1, 'SB1001', 'Savings', 20000),
(102, 2, 'SB1002', 'Savings', 15000),
(103, 3, 'SB1003', 'Savings', 30000);

INSERT INTO Transactions VALUES
(1, 101, '2024-01-05', 'Deposit', 30000),
(2, 101, '2024-01-18', 'Withdraw', 5000),
(3, 101, '2024-02-10', 'Deposit', 25000),
(4, 102, '2024-01-07', 'Deposit', 20000),
(5, 102, '2024-01-25', 'Deposit', 35000),
(6, 102, '2024-02-05', 'Withdraw', 10000),
(7, 103, '2024-01-10', 'Deposit', 15000),
(8, 103, '2024-01-20', 'Withdraw', 5000);

select * from Customers
select * from Accounts
select * from Transactions
select * from Bonus

--Que 1
EXEC GetStatement @AccountID=102 ,@StartDate='2024-01-01',@EndDate='2024-02-01'

--Que 2
EXEC UpdateMonthlyBonus 

--Que 3
EXEC Check_Current_Balance @AccountID=101



